London,20060401,2006-04-01 01:00:00.000 +0200,Partly Cloudy,rain,9.355555556,Partly cloudy throughout the day.
New York,20060401,2006-04-01 02:00:00.000 +0200,Mostly Cloudy,rain,9.377777778,Partly cloudy throughout the day.
Chicago,20060401,2006-04-01 03:00:00.000 +0200,Partly Cloudy,rain,8.288888889,Partly cloudy throughout the day.
Rome,20060401,2006-04-01 04:00:00.000 +0200,Mostly Cloudy,rain,8.755555556,Partly cloudy throughout the day.
Paris,20060401,2006-04-01 05:00:00.000 +0200,Partly Cloudy,rain,9.222222222,Partly cloudy throughout the day.
Milan,20060401,2006-04-01 06:00:00.000 +0200,Partly Cloudy,rain,7.733333333,Partly cloudy throughout the day.
London,20060401,2006-04-01 07:00:00.000 +0200,Partly Cloudy,rain,8.772222222,Partly cloudy throughout the day.
London,20060401,2006-04-01 08:00:00.000 +0200,Partly Cloudy,rain,10.82222222,Partly cloudy throughout the day.
London,20060401,2006-04-01 09:00:00.000 +0200,Partly Cloudy,rain,13.77222222,Partly cloudy throughout the day.
London,20060401,2006-04-01 10:00:00.000 +0200,Partly Cloudy,rain,16.01666667,Partly cloudy throughout the day.
London,20060401,2006-04-01 11:00:00.000 +0200,Partly Cloudy,rain,17.14444444,Partly cloudy throughout the day.
London,20060401,2006-04-01 12:00:00.000 +0200,Partly Cloudy,rain,17.8,Partly cloudy throughout the day.
London,20060401,2006-04-01 13:00:00.000 +0200,Partly Cloudy,rain,17.33333333,Partly cloudy throughout the day.
London,20060401,2006-04-01 14:00:00.000 +0200,Partly Cloudy,rain,18.87777778,Partly cloudy throughout the day.
London,20060401,2006-04-01 15:00:00.000 +0200,Partly Cloudy,rain,18.91111111,Partly cloudy throughout the day.
London,20060401,2006-04-01 16:00:00.000 +0200,Partly Cloudy,rain,15.38888889,Partly cloudy throughout the day.
London,20060401,2006-04-01 17:00:00.000 +0200,Mostly Cloudy,rain,15.55,Partly cloudy throughout the day.
London,20060401,2006-04-01 18:00:00.000 +0200,Mostly Cloudy,rain,14.25555556,Partly cloudy throughout the day.
London,20060401,2006-04-01 19:00:00.000 +0200,Mostly Cloudy,rain,13.14444444,Partly cloudy throughout the day.
London,20060401,2006-04-01 20:00:00.000 +0200,Mostly Cloudy,rain,11.55,Partly cloudy throughout the day.
London,20060401,2006-04-01 21:00:00.000 +0200,Mostly Cloudy,rain,11.18333333,Partly cloudy throughout the day.
London,20060401,2006-04-01 22:00:00.000 +0200,Partly Cloudy,rain,10.11666667,Partly cloudy throughout the day.
London,20060401,2006-04-01 23:00:00.000 +0200,Mostly Cloudy,rain,10.2,Partly cloudy throughout the day.
London,20060410,2006-04-10 00:00:00.000 +0200,Partly Cloudy,rain,10.42222222,Mostly cloudy throughout the day.
New York,20060410,2006-04-10 01:00:00.000 +0200,Partly Cloudy,rain,9.911111111,Mostly cloudy throughout the day.
Chicago,20060410,2006-04-10 02:00:00.000 +0200,Mostly Cloudy,rain,11.18333333,Mostly cloudy throughout the day.
Rome,20060410,2006-04-10 03:00:00.000 +0200,Partly Cloudy,rain,7.155555556,Mostly cloudy throughout the day.
Paris,20060410,2006-04-10 04:00:00.000 +0200,Partly Cloudy,rain,6.111111111,Mostly cloudy throughout the day.
Milan,20060410,2006-04-10 05:00:00.000 +0200,Partly Cloudy,rain,6.788888889,Mostly cloudy throughout the day.
London,20060410,2006-04-10 06:00:00.000 +0200,Mostly Cloudy,rain,7.261111111,Mostly cloudy throughout the day.
London,20060410,2006-04-10 07:00:00.000 +0200,Mostly Cloudy,rain,7.8,Mostly cloudy throughout the day.
London,20060410,2006-04-10 08:00:00.000 +0200,Mostly Cloudy,rain,9.872222222,Mostly cloudy throughout the day.
London,20060410,2006-04-10 09:00:00.000 +0200,Mostly Cloudy,rain,12.22222222,Mostly cloudy throughout the day.
London,20060410,2006-04-10 10:00:00.000 +0200,Mostly Cloudy,rain,15.09444444,Mostly cloudy throughout the day.
London,20060410,2006-04-10 11:00:00.000 +0200,Mostly Cloudy,rain,17.35555556,Mostly cloudy throughout the day.
London,20060410,2006-04-10 12:00:00.000 +0200,Mostly Cloudy,rain,19.00555556,Mostly cloudy throughout the day.
London,20060410,2006-04-10 13:00:00.000 +0200,Mostly Cloudy,rain,20.04444444,Mostly cloudy throughout the day.
London,20060410,2006-04-10 14:00:00.000 +0200,Mostly Cloudy,rain,21.05,Mostly cloudy throughout the day.
London,20060410,2006-04-10 15:00:00.000 +0200,Mostly Cloudy,rain,21.18333333,Mostly cloudy throughout the day.
London,20060410,2006-04-10 16:00:00.000 +0200,Mostly Cloudy,rain,20.11666667,Mostly cloudy throughout the day.
London,20060410,2006-04-10 17:00:00.000 +0200,Mostly Cloudy,rain,20.21666667,Mostly cloudy throughout the day.
London,20060410,2006-04-10 18:00:00.000 +0200,Mostly Cloudy,rain,20,Mostly cloudy throughout the day.
London,20060410,2006-04-10 19:00:00.000 +0200,Mostly Cloudy,rain,17.8,Mostly cloudy throughout the day.
London,20060410,2006-04-10 20:00:00.000 +0200,Mostly Cloudy,rain,16.06111111,Mostly cloudy throughout the day.
London,20060410,2006-04-10 21:00:00.000 +0200,Mostly Cloudy,rain,15.02222222,Mostly cloudy throughout the day.
London,20060410,2006-04-10 22:00:00.000 +0200,Overcast,rain,14.42222222,Mostly cloudy throughout the day.
London,20060410,2006-04-10 23:00:00.000 +0200,Overcast,rain,14.25555556,Mostly cloudy throughout the day.
London,20060411,2006-04-11 00:00:00.000 +0200,Overcast,rain,13.77222222,Foggy in the evening.
New York,20060411,2006-04-11 01:00:00.000 +0200,Overcast,rain,13.28333333,Foggy in the evening.
Chicago,20060411,2006-04-11 02:00:00.000 +0200,Overcast,rain,8.633333333,Foggy in the evening.
Rome,20060411,2006-04-11 03:00:00.000 +0200,Overcast,rain,11.25,Foggy in the evening.
Paris,20060411,2006-04-11 04:00:00.000 +0200,Overcast,rain,11.18333333,Foggy in the evening.
Milan,20060411,2006-04-11 05:00:00.000 +0200,Overcast,rain,10.69444444,Foggy in the evening.
London,20060411,2006-04-11 06:00:00.000 +0200,Mostly Cloudy,rain,11.11111111,Foggy in the evening.
London,20060411,2006-04-11 07:00:00.000 +0200,Mostly Cloudy,rain,11.11111111,Foggy in the evening.
London,20060411,2006-04-11 08:00:00.000 +0200,Partly Cloudy,rain,12.16666667,Foggy in the evening.
London,20060411,2006-04-11 09:00:00.000 +0200,Partly Cloudy,rain,12.75555556,Foggy in the evening.
London,20060411,2006-04-11 10:00:00.000 +0200,Partly Cloudy,rain,13.83888889,Foggy in the evening.
London,20060411,2006-04-11 11:00:00.000 +0200,Partly Cloudy,rain,16.18333333,Foggy in the evening.
London,20060411,2006-04-11 12:00:00.000 +0200,Mostly Cloudy,rain,17.51666667,Foggy in the evening.
London,20060411,2006-04-11 13:00:00.000 +0200,Mostly Cloudy,rain,17.38333333,Foggy in the evening.
London,20060411,2006-04-11 14:00:00.000 +0200,Mostly Cloudy,rain,17.36111111,Foggy in the evening.
London,20060411,2006-04-11 15:00:00.000 +0200,Mostly Cloudy,rain,17.20555556,Foggy in the evening.
London,20060411,2006-04-11 16:00:00.000 +0200,Mostly Cloudy,rain,15.63333333,Foggy in the evening.
London,20060411,2006-04-11 17:00:00.000 +0200,Overcast,rain,13.57777778,Foggy in the evening.
London,20060411,2006-04-11 18:00:00.000 +0200,Foggy,rain,10.91111111,Foggy in the evening.
London,20060411,2006-04-11 19:00:00.000 +0200,Foggy,rain,8.8,Foggy in the evening.
London,20060411,2006-04-11 20:00:00.000 +0200,Overcast,rain,8.961111111,Foggy in the evening.
London,20060411,2006-04-11 21:00:00.000 +0200,Overcast,rain,8.2,Foggy in the evening.
London,20060411,2006-04-11 22:00:00.000 +0200,Overcast,rain,7.688888889,Foggy in the evening.
London,20060411,2006-04-11 23:00:00.000 +0200,Overcast,rain,7.766666667,Foggy in the evening.
London,20060412,2006-04-12 00:00:00.000 +0200,Foggy,rain,8.2,Foggy overnight and breezy in the morning.
New York,20060412,2006-04-12 01:00:00.000 +0200,Foggy,rain,8.177777778,Foggy overnight and breezy in the morning.
Chicago,20060412,2006-04-12 02:00:00.000 +0200,Mostly Cloudy,rain,7.311111111,Foggy overnight and breezy in the morning.
Rome,20060412,2006-04-12 03:00:00.000 +0200,Overcast,rain,7.644444444,Foggy overnight and breezy in the morning.
Paris,20060412,2006-04-12 04:00:00.000 +0200,Overcast,rain,6.622222222,Foggy overnight and breezy in the morning.
Milan,20060412,2006-04-12 05:00:00.000 +0200,Overcast,rain,6.683333333,Foggy overnight and breezy in the morning.
London,20060412,2006-04-12 06:00:00.000 +0200,Overcast,rain,6.088888889,Foggy overnight and breezy in the morning.
London,20060412,2006-04-12 07:00:00.000 +0200,Overcast,rain,6.066666667,Foggy overnight and breezy in the morning.
London,20060412,2006-04-12 08:00:00.000 +0200,Breezy and Mostly Cloudy,rain,6.144444444,Foggy overnight and breezy in the morning.
London,20060412,2006-04-12 09:00:00.000 +0200,Breezy and Mostly Cloudy,rain,7.133333333,Foggy overnight and breezy in the morning.
London,20060412,2006-04-12 10:00:00.000 +0200,Overcast,rain,7.205555556,Foggy overnight and breezy in the morning.
London,20060412,2006-04-12 11:00:00.000 +0200,Mostly Cloudy,rain,7.566666667,Foggy overnight and breezy in the morning.
London,20060412,2006-04-12 12:00:00.000 +0200,Mostly Cloudy,rain,8.9,Foggy overnight and breezy in the morning.
London,20060412,2006-04-12 13:00:00.000 +0200,Mostly Cloudy,rain,9.961111111,Foggy overnight and breezy in the morning.
London,20060412,2006-04-12 14:00:00.000 +0200,Mostly Cloudy,rain,9.888888889,Foggy overnight and breezy in the morning.
London,20060412,2006-04-12 15:00:00.000 +0200,Mostly Cloudy,rain,11.06666667,Foggy overnight and breezy in the morning.
London,20060412,2006-04-12 16:00:00.000 +0200,Overcast,rain,10.11666667,Foggy overnight and breezy in the morning.
London,20060412,2006-04-12 17:00:00.000 +0200,Overcast,rain,11.03888889,Foggy overnight and breezy in the morning.
London,20060412,2006-04-12 18:00:00.000 +0200,Overcast,rain,10.65,Foggy overnight and breezy in the morning.
London,20060412,2006-04-12 19:00:00.000 +0200,Overcast,rain,10.05,Foggy overnight and breezy in the morning.
London,20060412,2006-04-12 20:00:00.000 +0200,Mostly Cloudy,rain,9.9,Foggy overnight and breezy in the morning.
London,20060412,2006-04-12 21:00:00.000 +0200,Overcast,rain,8.794444444,Foggy overnight and breezy in the morning.
London,20060412,2006-04-12 22:00:00.000 +0200,Mostly Cloudy,rain,7.827777778,Foggy overnight and breezy in the morning.
London,20060412,2006-04-12 23:00:00.000 +0200,Overcast,rain,7.855555556,Foggy overnight and breezy in the morning.
London,20060413,2006-04-13 00:00:00.000 +0200,Mostly Cloudy,rain,7.316666667,Overcast throughout the day.
New York,20060413,2006-04-13 01:00:00.000 +0200,Overcast,rain,7.244444444,Overcast throughout the day.
Chicago,20060413,2006-04-13 02:00:00.000 +0200,Partly Cloudy,rain,5.438888889,Overcast throughout the day.
Rome,20060413,2006-04-13 03:00:00.000 +0200,Overcast,rain,7.2,Overcast throughout the day.
Paris,20060413,2006-04-13 04:00:00.000 +0200,Overcast,rain,6.688888889,Overcast throughout the day.
Milan,20060413,2006-04-13 05:00:00.000 +0200,Overcast,rain,6.211111111,Overcast throughout the day.
London,20060413,2006-04-13 06:00:00.000 +0200,Overcast,rain,6.111111111,Overcast throughout the day.
London,20060413,2006-04-13 07:00:00.000 +0200,Overcast,rain,6.111111111,Overcast throughout the day.
London,20060413,2006-04-13 08:00:00.000 +0200,Overcast,rain,6.172222222,Overcast throughout the day.
London,20060413,2006-04-13 09:00:00.000 +0200,Overcast,rain,7.222222222,Overcast throughout the day.
London,20060413,2006-04-13 10:00:00.000 +0200,Overcast,rain,7.288888889,Overcast throughout the day.
London,20060413,2006-04-13 11:00:00.000 +0200,Overcast,rain,7.405555556,Overcast throughout the day.
London,20060413,2006-04-13 12:00:00.000 +0200,Overcast,rain,7.961111111,Overcast throughout the day.
London,20060413,2006-04-13 13:00:00.000 +0200,Overcast,rain,8.033333333,Overcast throughout the day.
London,20060413,2006-04-13 14:00:00.000 +0200,Overcast,rain,9.077777778,Overcast throughout the day.
London,20060413,2006-04-13 15:00:00.000 +0200,Overcast,rain,9.05,Overcast throughout the day.
London,20060413,2006-04-13 16:00:00.000 +0200,Overcast,rain,9.05,Overcast throughout the day.
London,20060413,2006-04-13 17:00:00.000 +0200,Overcast,rain,9.183333333,Overcast throughout the day.
London,20060413,2006-04-13 18:00:00.000 +0200,Overcast,rain,9.072222222,Overcast throughout the day.
London,20060413,2006-04-13 19:00:00.000 +0200,Overcast,rain,7.983333333,Overcast throughout the day.
London,20060413,2006-04-13 20:00:00.000 +0200,Overcast,rain,8.072222222,Overcast throughout the day.
London,20060413,2006-04-13 21:00:00.000 +0200,Overcast,rain,7.894444444,Overcast throughout the day.
London,20060413,2006-04-13 22:00:00.000 +0200,Overcast,rain,7.311111111,Overcast throughout the day.
London,20060413,2006-04-13 23:00:00.000 +0200,Mostly Cloudy,rain,7.338888889,Overcast throughout the day.
London,20060414,2006-04-14 00:00:00.000 +0200,Mostly Cloudy,rain,6.622222222,Mostly cloudy throughout the day.
New York,20060414,2006-04-14 01:00:00.000 +0200,Partly Cloudy,rain,6.066666667,Mostly cloudy throughout the day.
Chicago,20060414,2006-04-14 02:00:00.000 +0200,Partly Cloudy,rain,8.338888889,Mostly cloudy throughout the day.
Rome,20060414,2006-04-14 03:00:00.000 +0200,Mostly Cloudy,rain,5.183333333,Mostly cloudy throughout the day.
Paris,20060414,2006-04-14 04:00:00.000 +0200,Mostly Cloudy,rain,3.722222222,Mostly cloudy throughout the day.
Milan,20060414,2006-04-14 05:00:00.000 +0200,Mostly Cloudy,rain,4.855555556,Mostly cloudy throughout the day.
London,20060414,2006-04-14 06:00:00.000 +0200,Foggy,rain,5.211111111,Mostly cloudy throughout the day.
London,20060414,2006-04-14 07:00:00.000 +0200,Overcast,rain,6.255555556,Mostly cloudy throughout the day.
London,20060414,2006-04-14 08:00:00.000 +0200,Mostly Cloudy,rain,7.794444444,Mostly cloudy throughout the day.
London,20060414,2006-04-14 09:00:00.000 +0200,Mostly Cloudy,rain,10.05,Mostly cloudy throughout the day.
London,20060414,2006-04-14 10:00:00.000 +0200,Mostly Cloudy,rain,12.2,Mostly cloudy throughout the day.
London,20060414,2006-04-14 11:00:00.000 +0200,Mostly Cloudy,rain,12.7,Mostly cloudy throughout the day.
London,20060414,2006-04-14 12:00:00.000 +0200,Partly Cloudy,rain,13.93333333,Mostly cloudy throughout the day.
London,20060414,2006-04-14 13:00:00.000 +0200,Partly Cloudy,rain,15.09444444,Mostly cloudy throughout the day.
London,20060414,2006-04-14 14:00:00.000 +0200,Mostly Cloudy,rain,15.15,Mostly cloudy throughout the day.
London,20060414,2006-04-14 15:00:00.000 +0200,Partly Cloudy,rain,16.17777778,Mostly cloudy throughout the day.
London,20060414,2006-04-14 16:00:00.000 +0200,Partly Cloudy,rain,16.25,Mostly cloudy throughout the day.
London,20060414,2006-04-14 17:00:00.000 +0200,Partly Cloudy,rain,16.29444444,Mostly cloudy throughout the day.
London,20060414,2006-04-14 18:00:00.000 +0200,Partly Cloudy,rain,16.1,Mostly cloudy throughout the day.
London,20060414,2006-04-14 19:00:00.000 +0200,Partly Cloudy,rain,12.95555556,Mostly cloudy throughout the day.
London,20060414,2006-04-14 20:00:00.000 +0200,Mostly Cloudy,rain,13.85,Mostly cloudy throughout the day.
London,20060414,2006-04-14 21:00:00.000 +0200,Mostly Cloudy,rain,12.77777778,Mostly cloudy throughout the day.
London,20060414,2006-04-14 22:00:00.000 +0200,Mostly Cloudy,rain,12.15,Mostly cloudy throughout the day.
London,20060414,2006-04-14 23:00:00.000 +0200,Mostly Cloudy,rain,10.67777778,Mostly cloudy throughout the day.
London,20060415,2006-04-15 00:00:00.000 +0200,Mostly Cloudy,rain,10.44444444,Mostly cloudy throughout the day.
New York,20060415,2006-04-15 01:00:00.000 +0200,Mostly Cloudy,rain,9.822222222,Mostly cloudy throughout the day.
Chicago,20060415,2006-04-15 02:00:00.000 +0200,Mostly Cloudy,rain,11.02777778,Mostly cloudy throughout the day.
Rome,20060415,2006-04-15 03:00:00.000 +0200,Mostly Cloudy,rain,7.138888889,Mostly cloudy throughout the day.
Paris,20060415,2006-04-15 04:00:00.000 +0200,Mostly Cloudy,rain,7.622222222,Mostly cloudy throughout the day.
Milan,20060415,2006-04-15 05:00:00.000 +0200,Mostly Cloudy,rain,7.627777778,Mostly cloudy throughout the day.
London,20060415,2006-04-15 06:00:00.000 +0200,Mostly Cloudy,rain,7.044444444,Mostly cloudy throughout the day.
London,20060415,2006-04-15 07:00:00.000 +0200,Partly Cloudy,rain,8.6,Mostly cloudy throughout the day.
London,20060415,2006-04-15 08:00:00.000 +0200,Partly Cloudy,rain,9.65,Mostly cloudy throughout the day.
London,20060415,2006-04-15 09:00:00.000 +0200,Partly Cloudy,rain,12.10555556,Mostly cloudy throughout the day.
London,20060415,2006-04-15 10:00:00.000 +0200,Partly Cloudy,rain,12.77777778,Mostly cloudy throughout the day.
London,20060415,2006-04-15 11:00:00.000 +0200,Partly Cloudy,rain,13.81111111,Mostly cloudy throughout the day.
London,20060415,2006-04-15 12:00:00.000 +0200,Partly Cloudy,rain,16.01666667,Mostly cloudy throughout the day.
London,20060415,2006-04-15 13:00:00.000 +0200,Partly Cloudy,rain,17.12777778,Mostly cloudy throughout the day.
London,20060415,2006-04-15 14:00:00.000 +0200,Partly Cloudy,rain,17.14444444,Mostly cloudy throughout the day.
London,20060415,2006-04-15 15:00:00.000 +0200,Mostly Cloudy,rain,17.77777778,Mostly cloudy throughout the day.
London,20060415,2006-04-15 16:00:00.000 +0200,Mostly Cloudy,rain,17.77777778,Mostly cloudy throughout the day.
London,20060415,2006-04-15 17:00:00.000 +0200,Mostly Cloudy,rain,17.80555556,Mostly cloudy throughout the day.
London,20060415,2006-04-15 18:00:00.000 +0200,Mostly Cloudy,rain,16.15555556,Mostly cloudy throughout the day.
London,20060415,2006-04-15 19:00:00.000 +0200,Mostly Cloudy,rain,14.05,Mostly cloudy throughout the day.
London,20060415,2006-04-15 20:00:00.000 +0200,Mostly Cloudy,rain,13.08888889,Mostly cloudy throughout the day.
London,20060415,2006-04-15 21:00:00.000 +0200,Mostly Cloudy,rain,12.28888889,Mostly cloudy throughout the day.
London,20060415,2006-04-15 22:00:00.000 +0200,Overcast,rain,12.77777778,Mostly cloudy throughout the day.
London,20060415,2006-04-15 23:00:00.000 +0200,Overcast,rain,12.72777778,Mostly cloudy throughout the day.
London,20060416,2006-04-16 00:00:00.000 +0200,Overcast,rain,12.26666667,Mostly cloudy throughout the day.
London,20060416,2006-04-16 01:00:00.000 +0200,Overcast,rain,11.71111111,Mostly cloudy throughout the day.
London,20060416,2006-04-16 02:00:00.000 +0200,Partly Cloudy,rain,10.82777778,Mostly cloudy throughout the day.
New York,20060416,2006-04-16 03:00:00.000 +0200,Overcast,rain,12.2,Mostly cloudy throughout the day.
Chicago,20060416,2006-04-16 04:00:00.000 +0200,Overcast,rain,12.2,Mostly cloudy throughout the day.
Rome,20060416,2006-04-16 05:00:00.000 +0200,Overcast,rain,11.68888889,Mostly cloudy throughout the day.
Paris,20060416,2006-04-16 06:00:00.000 +0200,Overcast,rain,11.20555556,Mostly cloudy throughout the day.
Milan,20060416,2006-04-16 07:00:00.000 +0200,Mostly Cloudy,rain,11.13333333,Mostly cloudy throughout the day.
London,20060416,2006-04-16 08:00:00.000 +0200,Mostly Cloudy,rain,11.43888889,Mostly cloudy throughout the day.
London,20060416,2006-04-16 09:00:00.000 +0200,Mostly Cloudy,rain,13.03333333,Mostly cloudy throughout the day.
London,20060416,2006-04-16 10:00:00.000 +0200,Mostly Cloudy,rain,17.24444444,Mostly cloudy throughout the day.
London,20060416,2006-04-16 11:00:00.000 +0200,Mostly Cloudy,rain,17.73888889,Mostly cloudy throughout the day.
London,20060416,2006-04-16 12:00:00.000 +0200,Overcast,rain,17.84444444,Mostly cloudy throughout the day.
London,20060416,2006-04-16 13:00:00.000 +0200,Mostly Cloudy,rain,18.86111111,Mostly cloudy throughout the day.
London,20060416,2006-04-16 14:00:00.000 +0200,Overcast,rain,18.66666667,Mostly cloudy throughout the day.
London,20060416,2006-04-16 15:00:00.000 +0200,Overcast,rain,17.82222222,Mostly cloudy throughout the day.
London,20060416,2006-04-16 16:00:00.000 +0200,Overcast,rain,17.8,Mostly cloudy throughout the day.
London,20060416,2006-04-16 17:00:00.000 +0200,Mostly Cloudy,rain,17.35,Mostly cloudy throughout the day.
London,20060416,2006-04-16 18:00:00.000 +0200,Mostly Cloudy,rain,16.06666667,Mostly cloudy throughout the day.
London,20060416,2006-04-16 19:00:00.000 +0200,Mostly Cloudy,rain,14.93333333,Mostly cloudy throughout the day.
London,20060416,2006-04-16 20:00:00.000 +0200,Mostly Cloudy,rain,13.92222222,Mostly cloudy throughout the day.
London,20060416,2006-04-16 21:00:00.000 +0200,Mostly Cloudy,rain,12.75555556,Mostly cloudy throughout the day.
London,20060416,2006-04-16 22:00:00.000 +0200,Mostly Cloudy,rain,12.75555556,Mostly cloudy throughout the day.
London,20060416,2006-04-16 23:00:00.000 +0200,Mostly Cloudy,rain,12.37222222,Mostly cloudy throughout the day.
London,20060417,2006-04-17 00:00:00.000 +0200,Mostly Cloudy,rain,11.18333333,Partly cloudy throughout the day.
London,20060417,2006-04-17 01:00:00.000 +0200,Mostly Cloudy,rain,11.66666667,Partly cloudy throughout the day.
London,20060417,2006-04-17 02:00:00.000 +0200,Partly Cloudy,rain,8.977777778,Partly cloudy throughout the day.
London,20060417,2006-04-17 03:00:00.000 +0200,Mostly Cloudy,rain,10.57777778,Partly cloudy throughout the day.
London,20060417,2006-04-17 04:00:00.000 +0200,Mostly Cloudy,rain,10.53333333,Partly cloudy throughout the day.
London,20060417,2006-04-17 05:00:00.000 +0200,Mostly Cloudy,rain,10.58888889,Partly cloudy throughout the day.
London,20060417,2006-04-17 06:00:00.000 +0200,Mostly Cloudy,rain,9.983333333,Partly cloudy throughout the day.
London,20060417,2006-04-17 07:00:00.000 +0200,Mostly Cloudy,rain,11.02222222,Partly cloudy throughout the day.
London,20060417,2006-04-17 08:00:00.000 +0200,Partly Cloudy,rain,13.53888889,Partly cloudy throughout the day.
London,20060417,2006-04-17 09:00:00.000 +0200,Partly Cloudy,rain,13.88888889,Partly cloudy throughout the day.
London,20060417,2006-04-17 10:00:00.000 +0200,Partly Cloudy,rain,15,Partly cloudy throughout the day.
London,20060417,2006-04-17 11:00:00.000 +0200,Partly Cloudy,rain,17.18333333,Partly cloudy throughout the day.
London,20060417,2006-04-17 12:00:00.000 +0200,Mostly Cloudy,rain,16.2,Partly cloudy throughout the day.
London,20060417,2006-04-17 13:00:00.000 +0200,Mostly Cloudy,rain,17.75,Partly cloudy throughout the day.
London,20060417,2006-04-17 14:00:00.000 +0200,Mostly Cloudy,rain,18.40555556,Partly cloudy throughout the day.
London,20060417,2006-04-17 15:00:00.000 +0200,Partly Cloudy,rain,17.82222222,Partly cloudy throughout the day.
London,20060417,2006-04-17 16:00:00.000 +0200,Partly Cloudy,rain,17.31111111,Partly cloudy throughout the day.
London,20060417,2006-04-17 17:00:00.000 +0200,Partly Cloudy,rain,17.50555556,Partly cloudy throughout the day.
London,20060417,2006-04-17 18:00:00.000 +0200,Mostly Cloudy,rain,17.26666667,Partly cloudy throughout the day.
London,20060417,2006-04-17 19:00:00.000 +0200,Mostly Cloudy,rain,15.13888889,Partly cloudy throughout the day.
London,20060417,2006-04-17 20:00:00.000 +0200,Mostly Cloudy,rain,13.25,Partly cloudy throughout the day.
London,20060417,2006-04-17 21:00:00.000 +0200,Partly Cloudy,rain,12.29444444,Partly cloudy throughout the day.
London,20060417,2006-04-17 22:00:00.000 +0200,Partly Cloudy,rain,10.7,Partly cloudy throughout the day.
London,20060417,2006-04-17 23:00:00.000 +0200,Partly Cloudy,rain,9.855555556,Partly cloudy throughout the day.
London,20060418,2006-04-18 00:00:00.000 +0200,Partly Cloudy,rain,9.522222222,Partly cloudy until night.
London,20060418,2006-04-18 01:00:00.000 +0200,Partly Cloudy,rain,8.405555556,Partly cloudy until night.
London,20060418,2006-04-18 02:00:00.000 +0200,Mostly Cloudy,rain,13.01111111,Partly cloudy until night.
London,20060418,2006-04-18 03:00:00.000 +0200,Partly Cloudy,rain,7.733333333,Partly cloudy until night.
London,20060418,2006-04-18 04:00:00.000 +0200,Partly Cloudy,rain,6.138888889,Partly cloudy until night.
London,20060418,2006-04-18 05:00:00.000 +0200,Partly Cloudy,rain,6.472222222,Partly cloudy until night.
London,20060418,2006-04-18 06:00:00.000 +0200,Foggy,rain,6.627777778,Partly cloudy until night.
London,20060418,2006-04-18 07:00:00.000 +0200,Clear,rain,8.688888889,Partly cloudy until night.
London,20060418,2006-04-18 08:00:00.000 +0200,Partly Cloudy,rain,11.99444444,Partly cloudy until night.
London,20060418,2006-04-18 09:00:00.000 +0200,Partly Cloudy,rain,13.76666667,Partly cloudy until night.
London,20060418,2006-04-18 10:00:00.000 +0200,Partly Cloudy,rain,15.08888889,Partly cloudy until night.
London,20060418,2006-04-18 11:00:00.000 +0200,Partly Cloudy,rain,16.45555556,Partly cloudy until night.
London,20060418,2006-04-18 12:00:00.000 +0200,Partly Cloudy,rain,17.31111111,Partly cloudy until night.
London,20060418,2006-04-18 13:00:00.000 +0200,Partly Cloudy,rain,17.87222222,Partly cloudy until night.
London,20060418,2006-04-18 14:00:00.000 +0200,Partly Cloudy,rain,19.03888889,Partly cloudy until night.
London,20060418,2006-04-18 15:00:00.000 +0200,Partly Cloudy,rain,18.97777778,Partly cloudy until night.
London,20060418,2006-04-18 16:00:00.000 +0200,Partly Cloudy,rain,19.00555556,Partly cloudy until night.
London,20060418,2006-04-18 17:00:00.000 +0200,Mostly Cloudy,rain,19.01111111,Partly cloudy until night.
London,20060418,2006-04-18 18:00:00.000 +0200,Mostly Cloudy,rain,17.86666667,Partly cloudy until night.
London,20060418,2006-04-18 19:00:00.000 +0200,Mostly Cloudy,rain,17.26666667,Partly cloudy until night.
London,20060418,2006-04-18 20:00:00.000 +0200,Mostly Cloudy,rain,16.18888889,Partly cloudy until night.
London,20060418,2006-04-18 21:00:00.000 +0200,Mostly Cloudy,rain,14.88333333,Partly cloudy until night.
London,20060418,2006-04-18 22:00:00.000 +0200,Mostly Cloudy,rain,14.32777778,Partly cloudy until night.
London,20060418,2006-04-18 23:00:00.000 +0200,Overcast,rain,14.51111111,Partly cloudy until night.
London,20060419,2006-04-19 00:00:00.000 +0200,Overcast,rain,14.37222222,Mostly cloudy until night.
London,20060419,2006-04-19 01:00:00.000 +0200,Overcast,rain,14.87777778,Mostly cloudy until night.
London,20060419,2006-04-19 02:00:00.000 +0200,Foggy,rain,10.40555556,Mostly cloudy until night.
London,20060419,2006-04-19 03:00:00.000 +0200,Overcast,rain,12.82222222,Mostly cloudy until night.
London,20060419,2006-04-19 04:00:00.000 +0200,Overcast,rain,12.8,Mostly cloudy until night.
London,20060419,2006-04-19 05:00:00.000 +0200,Overcast,rain,12.82777778,Mostly cloudy until night.
London,20060419,2006-04-19 06:00:00.000 +0200,Overcast,rain,12.26666667,Mostly cloudy until night.
London,20060419,2006-04-19 07:00:00.000 +0200,Overcast,rain,12.26666667,Mostly cloudy until night.
London,20060419,2006-04-19 08:00:00.000 +0200,Mostly Cloudy,rain,12.18333333,Mostly cloudy until night.
London,20060419,2006-04-19 09:00:00.000 +0200,Overcast,rain,12.17222222,Mostly cloudy until night.
London,20060419,2006-04-19 10:00:00.000 +0200,Overcast,rain,12.71111111,Mostly cloudy until night.
London,20060419,2006-04-19 11:00:00.000 +0200,Mostly Cloudy,rain,15.60555556,Mostly cloudy until night.
London,20060419,2006-04-19 12:00:00.000 +0200,Mostly Cloudy,rain,16.02222222,Mostly cloudy until night.
London,20060419,2006-04-19 13:00:00.000 +0200,Mostly Cloudy,rain,17.2,Mostly cloudy until night.
London,20060419,2006-04-19 14:00:00.000 +0200,Overcast,rain,17.21666667,Mostly cloudy until night.
London,20060419,2006-04-19 15:00:00.000 +0200,Mostly Cloudy,rain,17.82777778,Mostly cloudy until night.
London,20060419,2006-04-19 16:00:00.000 +0200,Mostly Cloudy,rain,17.82777778,Mostly cloudy until night.
London,20060419,2006-04-19 17:00:00.000 +0200,Partly Cloudy,rain,17.73333333,Mostly cloudy until night.
London,20060419,2006-04-19 18:00:00.000 +0200,Mostly Cloudy,rain,16.27222222,Mostly cloudy until night.
London,20060419,2006-04-19 19:00:00.000 +0200,Overcast,rain,13.16666667,Mostly cloudy until night.
London,20060419,2006-04-19 20:00:00.000 +0200,Overcast,rain,13.25555556,Mostly cloudy until night.
London,20060419,2006-04-19 21:00:00.000 +0200,Overcast,rain,13.01111111,Mostly cloudy until night.
London,20060419,2006-04-19 22:00:00.000 +0200,Mostly Cloudy,rain,12.45555556,Mostly cloudy until night.
London,20060419,2006-04-19 23:00:00.000 +0200,Mostly Cloudy,rain,12.48888889,Mostly cloudy until night.
London,20060402,2006-04-02 00:00:00.000 +0200,Mostly Cloudy,rain,9.555555556,Partly cloudy throughout the day.
London,20060402,2006-04-02 01:00:00.000 +0200,Mostly Cloudy,rain,10.62222222,Partly cloudy throughout the day.
London,20060402,2006-04-02 02:00:00.000 +0200,Partly Cloudy,rain,8.722222222,Partly cloudy throughout the day.
London,20060402,2006-04-02 03:00:00.000 +0200,Mostly Cloudy,rain,10.53333333,Partly cloudy throughout the day.
London,20060402,2006-04-02 04:00:00.000 +0200,Mostly Cloudy,rain,9.444444444,Partly cloudy throughout the day.
London,20060402,2006-04-02 05:00:00.000 +0200,Mostly Cloudy,rain,9.888888889,Partly cloudy throughout the day.
London,20060402,2006-04-02 06:00:00.000 +0200,Mostly Cloudy,rain,10.36666667,Partly cloudy throughout the day.
London,20060402,2006-04-02 07:00:00.000 +0200,Partly Cloudy,rain,8.888888889,Partly cloudy throughout the day.
London,20060402,2006-04-02 08:00:00.000 +0200,Partly Cloudy,rain,9.977777778,Partly cloudy throughout the day.
London,20060402,2006-04-02 09:00:00.000 +0200,Mostly Cloudy,rain,12.2,Partly cloudy throughout the day.
London,20060402,2006-04-02 10:00:00.000 +0200,Mostly Cloudy,rain,13.96111111,Partly cloudy throughout the day.
London,20060402,2006-04-02 11:00:00.000 +0200,Mostly Cloudy,rain,14.94444444,Partly cloudy throughout the day.
London,20060402,2006-04-02 12:00:00.000 +0200,Mostly Cloudy,rain,16.18333333,Partly cloudy throughout the day.
London,20060402,2006-04-02 13:00:00.000 +0200,Partly Cloudy,rain,16.36666667,Partly cloudy throughout the day.
London,20060402,2006-04-02 14:00:00.000 +0200,Partly Cloudy,rain,17.37222222,Partly cloudy throughout the day.
London,20060402,2006-04-02 15:00:00.000 +0200,Partly Cloudy,rain,17.67222222,Partly cloudy throughout the day.
London,20060402,2006-04-02 16:00:00.000 +0200,Partly Cloudy,rain,17.72222222,Partly cloudy throughout the day.
London,20060402,2006-04-02 17:00:00.000 +0200,Partly Cloudy,rain,16.23888889,Partly cloudy throughout the day.
London,20060402,2006-04-02 18:00:00.000 +0200,Mostly Cloudy,rain,14.06666667,Partly cloudy throughout the day.
London,20060402,2006-04-02 19:00:00.000 +0200,Partly Cloudy,rain,13.95555556,Partly cloudy throughout the day.
London,20060402,2006-04-02 20:00:00.000 +0200,Partly Cloudy,rain,12.28888889,Partly cloudy throughout the day.
London,20060402,2006-04-02 21:00:00.000 +0200,Partly Cloudy,rain,10.02222222,Partly cloudy throughout the day.
London,20060402,2006-04-02 22:00:00.000 +0200,Partly Cloudy,rain,9.377777778,Partly cloudy throughout the day.
London,20060402,2006-04-02 23:00:00.000 +0200,Partly Cloudy,rain,9.416666667,Partly cloudy throughout the day.
London,20060420,2006-04-20 00:00:00.000 +0200,Partly Cloudy,rain,11.82777778,Foggy starting overnight continuing until morning.
London,20060420,2006-04-20 01:00:00.000 +0200,Foggy,rain,10.76111111,Foggy starting overnight continuing until morning.
London,20060420,2006-04-20 02:00:00.000 +0200,Mostly Cloudy,rain,12.15555556,Foggy starting overnight continuing until morning.
London,20060420,2006-04-20 03:00:00.000 +0200,Foggy,rain,9.672222222,Foggy starting overnight continuing until morning.
London,20060420,2006-04-20 04:00:00.000 +0200,Foggy,rain,8.15,Foggy starting overnight continuing until morning.
London,20060420,2006-04-20 05:00:00.000 +0200,Foggy,rain,10.2,Foggy starting overnight continuing until morning.
London,20060420,2006-04-20 06:00:00.000 +0200,Foggy,rain,10.11666667,Foggy starting overnight continuing until morning.
London,20060420,2006-04-20 07:00:00.000 +0200,Foggy,rain,10.16111111,Foggy starting overnight continuing until morning.
London,20060420,2006-04-20 08:00:00.000 +0200,Foggy,rain,11.24444444,Foggy starting overnight continuing until morning.
London,20060420,2006-04-20 09:00:00.000 +0200,Foggy,rain,12.24444444,Foggy starting overnight continuing until morning.
London,20060420,2006-04-20 10:00:00.000 +0200,Overcast,rain,13.91111111,Foggy starting overnight continuing until morning.
London,20060420,2006-04-20 11:00:00.000 +0200,Partly Cloudy,rain,15.61666667,Foggy starting overnight continuing until morning.
London,20060420,2006-04-20 12:00:00.000 +0200,Partly Cloudy,rain,15.07222222,Foggy starting overnight continuing until morning.
London,20060420,2006-04-20 13:00:00.000 +0200,Partly Cloudy,rain,15.07222222,Foggy starting overnight continuing until morning.
London,20060420,2006-04-20 14:00:00.000 +0200,Overcast,rain,14.26666667,Foggy starting overnight continuing until morning.
London,20060420,2006-04-20 15:00:00.000 +0200,Mostly Cloudy,rain,16.01666667,Foggy starting overnight continuing until morning.
London,20060420,2006-04-20 16:00:00.000 +0200,Overcast,rain,15.02777778,Foggy starting overnight continuing until morning.
London,20060420,2006-04-20 17:00:00.000 +0200,Overcast,rain,13.94444444,Foggy starting overnight continuing until morning.
London,20060420,2006-04-20 18:00:00.000 +0200,Overcast,rain,12.91666667,Foggy starting overnight continuing until morning.
London,20060420,2006-04-20 19:00:00.000 +0200,Overcast,rain,12.89444444,Foggy starting overnight continuing until morning.
London,20060420,2006-04-20 20:00:00.000 +0200,Overcast,rain,12.4,Foggy starting overnight continuing until morning.
London,20060420,2006-04-20 21:00:00.000 +0200,Clear,rain,12.26666667,Foggy starting overnight continuing until morning.
London,20060420,2006-04-20 22:00:00.000 +0200,Mostly Cloudy,rain,12.22222222,Foggy starting overnight continuing until morning.
London,20060420,2006-04-20 23:00:00.000 +0200,Mostly Cloudy,rain,11.25,Foggy starting overnight continuing until morning.
London,20060421,2006-04-21 00:00:00.000 +0200,Mostly Cloudy,rain,11.52777778,Foggy in the morning.
London,20060421,2006-04-21 01:00:00.000 +0200,Foggy,rain,11.53888889,Foggy in the morning.
London,20060421,2006-04-21 02:00:00.000 +0200,Foggy,rain,9.438888889,Foggy in the morning.
London,20060421,2006-04-21 03:00:00.000 +0200,Overcast,rain,11.43888889,Foggy in the morning.
London,20060421,2006-04-21 04:00:00.000 +0200,Overcast,rain,11.39444444,Foggy in the morning.
London,20060421,2006-04-21 05:00:00.000 +0200,Overcast,rain,11.52777778,Foggy in the morning.
London,20060421,2006-04-21 06:00:00.000 +0200,Foggy,rain,11.95,Foggy in the morning.
London,20060421,2006-04-21 07:00:00.000 +0200,Foggy,rain,11.97222222,Foggy in the morning.
London,20060421,2006-04-21 08:00:00.000 +0200,Foggy,rain,12.63333333,Foggy in the morning.
London,20060421,2006-04-21 09:00:00.000 +0200,Overcast,rain,12.75555556,Foggy in the morning.
London,20060421,2006-04-21 10:00:00.000 +0200,Overcast,rain,13.84444444,Foggy in the morning.
London,20060421,2006-04-21 11:00:00.000 +0200,Overcast,rain,13.17222222,Foggy in the morning.
London,20060421,2006-04-21 12:00:00.000 +0200,Mostly Cloudy,rain,15.06666667,Foggy in the morning.
London,20060421,2006-04-21 13:00:00.000 +0200,Partly Cloudy,rain,17.24444444,Foggy in the morning.
London,20060421,2006-04-21 14:00:00.000 +0200,Partly Cloudy,rain,16.31666667,Foggy in the morning.
London,20060421,2006-04-21 15:00:00.000 +0200,Partly Cloudy,rain,17.38333333,Foggy in the morning.
London,20060421,2006-04-21 16:00:00.000 +0200,Mostly Cloudy,rain,15.27222222,Foggy in the morning.
London,20060421,2006-04-21 17:00:00.000 +0200,Partly Cloudy,rain,17.45555556,Foggy in the morning.
London,20060421,2006-04-21 18:00:00.000 +0200,Partly Cloudy,rain,16.22222222,Foggy in the morning.
London,20060421,2006-04-21 19:00:00.000 +0200,Partly Cloudy,rain,15.08333333,Foggy in the morning.
London,20060421,2006-04-21 20:00:00.000 +0200,Partly Cloudy,rain,13.99444444,Foggy in the morning.
London,20060421,2006-04-21 21:00:00.000 +0200,Partly Cloudy,rain,12.17222222,Foggy in the morning.
London,20060421,2006-04-21 22:00:00.000 +0200,Foggy,rain,11.08888889,Foggy in the morning.
London,20060421,2006-04-21 23:00:00.000 +0200,Foggy,rain,11.09444444,Foggy in the morning.
London,20060422,2006-04-22 00:00:00.000 +0200,Foggy,rain,9.883333333,Foggy starting overnight continuing until morning.
London,20060422,2006-04-22 01:00:00.000 +0200,Clear,rain,9.355555556,Foggy starting overnight continuing until morning.
London,20060422,2006-04-22 02:00:00.000 +0200,Clear,rain,9.861111111,Foggy starting overnight continuing until morning.
London,20060422,2006-04-22 03:00:00.000 +0200,Foggy,rain,8.272222222,Foggy starting overnight continuing until morning.
London,20060422,2006-04-22 04:00:00.000 +0200,Foggy,rain,8.866666667,Foggy starting overnight continuing until morning.
London,20060422,2006-04-22 05:00:00.000 +0200,Foggy,rain,8.816666667,Foggy starting overnight continuing until morning.
London,20060422,2006-04-22 06:00:00.000 +0200,Foggy,rain,7.155555556,Foggy starting overnight continuing until morning.
London,20060422,2006-04-22 07:00:00.000 +0200,Foggy,rain,8.85,Foggy starting overnight continuing until morning.
London,20060422,2006-04-22 08:00:00.000 +0200,Foggy,rain,11.17777778,Foggy starting overnight continuing until morning.
London,20060422,2006-04-22 09:00:00.000 +0200,Mostly Cloudy,rain,12.38888889,Foggy starting overnight continuing until morning.
London,20060422,2006-04-22 10:00:00.000 +0200,Mostly Cloudy,rain,14.14444444,Foggy starting overnight continuing until morning.
London,20060422,2006-04-22 11:00:00.000 +0200,Partly Cloudy,rain,17.1,Foggy starting overnight continuing until morning.
London,20060422,2006-04-22 12:00:00.000 +0200,Partly Cloudy,rain,18.93888889,Foggy starting overnight continuing until morning.
London,20060422,2006-04-22 13:00:00.000 +0200,Partly Cloudy,rain,17.91666667,Foggy starting overnight continuing until morning.
London,20060422,2006-04-22 14:00:00.000 +0200,Partly Cloudy,rain,19.98333333,Foggy starting overnight continuing until morning.
London,20060422,2006-04-22 15:00:00.000 +0200,Partly Cloudy,rain,20.07222222,Foggy starting overnight continuing until morning.
London,20060422,2006-04-22 16:00:00.000 +0200,Partly Cloudy,rain,20.07222222,Foggy starting overnight continuing until morning.
London,20060422,2006-04-22 17:00:00.000 +0200,Partly Cloudy,rain,20.08333333,Foggy starting overnight continuing until morning.
London,20060422,2006-04-22 18:00:00.000 +0200,Partly Cloudy,rain,19.08888889,Foggy starting overnight continuing until morning.
London,20060422,2006-04-22 19:00:00.000 +0200,Partly Cloudy,rain,17.45,Foggy starting overnight continuing until morning.
London,20060422,2006-04-22 20:00:00.000 +0200,Partly Cloudy,rain,15.56666667,Foggy starting overnight continuing until morning.
London,20060422,2006-04-22 21:00:00.000 +0200,Clear,rain,12.49444444,Foggy starting overnight continuing until morning.
London,20060422,2006-04-22 22:00:00.000 +0200,Clear,rain,12.24444444,Foggy starting overnight continuing until morning.
London,20060422,2006-04-22 23:00:00.000 +0200,Clear,rain,11.41666667,Foggy starting overnight continuing until morning.
London,20060423,2006-04-23 00:00:00.000 +0200,Clear,rain,10.55555556,Foggy in the morning.
London,20060423,2006-04-23 01:00:00.000 +0200,Clear,rain,10.46666667,Foggy in the morning.
London,20060423,2006-04-23 02:00:00.000 +0200,Partly Cloudy,rain,10.25,Foggy in the morning.
London,20060423,2006-04-23 03:00:00.000 +0200,Clear,rain,9.355555556,Foggy in the morning.
London,20060423,2006-04-23 04:00:00.000 +0200,Foggy,rain,8.311111111,Foggy in the morning.
London,20060423,2006-04-23 05:00:00.000 +0200,Foggy,rain,8.811111111,Foggy in the morning.
London,20060423,2006-04-23 06:00:00.000 +0200,Foggy,rain,8.733333333,Foggy in the morning.
London,20060423,2006-04-23 07:00:00.000 +0200,Partly Cloudy,rain,11.93333333,Foggy in the morning.
London,20060423,2006-04-23 08:00:00.000 +0200,Partly Cloudy,rain,14.51666667,Foggy in the morning.
London,20060423,2006-04-23 09:00:00.000 +0200,Partly Cloudy,rain,18.73333333,Foggy in the morning.
London,20060423,2006-04-23 10:00:00.000 +0200,Partly Cloudy,rain,20.02777778,Foggy in the morning.
London,20060423,2006-04-23 11:00:00.000 +0200,Partly Cloudy,rain,21.03888889,Foggy in the morning.
London,20060423,2006-04-23 12:00:00.000 +0200,Partly Cloudy,rain,20.73888889,Foggy in the morning.
London,20060423,2006-04-23 13:00:00.000 +0200,Partly Cloudy,rain,22.31666667,Foggy in the morning.
London,20060423,2006-04-23 14:00:00.000 +0200,Partly Cloudy,rain,22.11111111,Foggy in the morning.
London,20060423,2006-04-23 15:00:00.000 +0200,Partly Cloudy,rain,22.73333333,Foggy in the morning.
London,20060423,2006-04-23 16:00:00.000 +0200,Partly Cloudy,rain,22.77777778,Foggy in the morning.
London,20060423,2006-04-23 17:00:00.000 +0200,Partly Cloudy,rain,21.21666667,Foggy in the morning.
London,20060423,2006-04-23 18:00:00.000 +0200,Partly Cloudy,rain,20.18333333,Foggy in the morning.
London,20060423,2006-04-23 19:00:00.000 +0200,Partly Cloudy,rain,18.01111111,Foggy in the morning.
London,20060423,2006-04-23 20:00:00.000 +0200,Partly Cloudy,rain,17.42222222,Foggy in the morning.
London,20060423,2006-04-23 21:00:00.000 +0200,Partly Cloudy,rain,13.96111111,Foggy in the morning.
London,20060423,2006-04-23 22:00:00.000 +0200,Partly Cloudy,rain,13.28888889,Foggy in the morning.
London,20060423,2006-04-23 23:00:00.000 +0200,Partly Cloudy,rain,12.32222222,Foggy in the morning.
London,20060424,2006-04-24 00:00:00.000 +0200,Partly Cloudy,rain,11.11666667,Partly cloudy until evening.
London,20060424,2006-04-24 01:00:00.000 +0200,Partly Cloudy,rain,10.53333333,Partly cloudy until evening.
London,20060424,2006-04-24 02:00:00.000 +0200,Clear,rain,12.38333333,Partly cloudy until evening.
London,20060424,2006-04-24 03:00:00.000 +0200,Partly Cloudy,rain,9.861111111,Partly cloudy until evening.
London,20060424,2006-04-24 04:00:00.000 +0200,Partly Cloudy,rain,8.872222222,Partly cloudy until evening.
London,20060424,2006-04-24 05:00:00.000 +0200,Partly Cloudy,rain,8.672222222,Partly cloudy until evening.
London,20060424,2006-04-24 06:00:00.000 +0200,Foggy,rain,7.688888889,Partly cloudy until evening.
London,20060424,2006-04-24 07:00:00.000 +0200,Clear,rain,10.91111111,Partly cloudy until evening.
London,20060424,2006-04-24 08:00:00.000 +0200,Clear,rain,14.83888889,Partly cloudy until evening.
London,20060424,2006-04-24 09:00:00.000 +0200,Clear,rain,18.8,Partly cloudy until evening.
London,20060424,2006-04-24 10:00:00.000 +0200,Clear,rain,21.09444444,Partly cloudy until evening.
London,20060424,2006-04-24 11:00:00.000 +0200,Partly Cloudy,rain,22.02777778,Partly cloudy until evening.
London,20060424,2006-04-24 12:00:00.000 +0200,Partly Cloudy,rain,22.82777778,Partly cloudy until evening.
London,20060424,2006-04-24 13:00:00.000 +0200,Partly Cloudy,rain,22.91666667,Partly cloudy until evening.
London,20060424,2006-04-24 14:00:00.000 +0200,Partly Cloudy,rain,23.91666667,Partly cloudy until evening.
London,20060424,2006-04-24 15:00:00.000 +0200,Partly Cloudy,rain,23.91111111,Partly cloudy until evening.
London,20060424,2006-04-24 16:00:00.000 +0200,Partly Cloudy,rain,23.93333333,Partly cloudy until evening.
London,20060424,2006-04-24 17:00:00.000 +0200,Partly Cloudy,rain,23.91666667,Partly cloudy until evening.
London,20060424,2006-04-24 18:00:00.000 +0200,Partly Cloudy,rain,22.82222222,Partly cloudy until evening.
London,20060424,2006-04-24 19:00:00.000 +0200,Partly Cloudy,rain,21.22777778,Partly cloudy until evening.
London,20060424,2006-04-24 20:00:00.000 +0200,Partly Cloudy,rain,19.07777778,Partly cloudy until evening.
London,20060424,2006-04-24 21:00:00.000 +0200,Partly Cloudy,rain,17.06111111,Partly cloudy until evening.
London,20060424,2006-04-24 22:00:00.000 +0200,Clear,rain,14.90555556,Partly cloudy until evening.
London,20060424,2006-04-24 23:00:00.000 +0200,Clear,rain,13.08333333,Partly cloudy until evening.
London,20060425,2006-04-25 00:00:00.000 +0200,Clear,rain,12.71111111,Partly cloudy starting in the morning.
London,20060425,2006-04-25 01:00:00.000 +0200,Clear,rain,12.12777778,Partly cloudy starting in the morning.
London,20060425,2006-04-25 02:00:00.000 +0200,Clear,rain,11.81111111,Partly cloudy starting in the morning.
London,20060425,2006-04-25 03:00:00.000 +0200,Clear,rain,12.01666667,Partly cloudy starting in the morning.
London,20060425,2006-04-25 04:00:00.000 +0200,Clear,rain,12.04444444,Partly cloudy starting in the morning.
London,20060425,2006-04-25 05:00:00.000 +0200,Partly Cloudy,rain,10.62777778,Partly cloudy starting in the morning.
London,20060425,2006-04-25 06:00:00.000 +0200,Clear,rain,9.911111111,Partly cloudy starting in the morning.
London,20060425,2006-04-25 07:00:00.000 +0200,Mostly Cloudy,rain,12.55555556,Partly cloudy starting in the morning.
London,20060425,2006-04-25 08:00:00.000 +0200,Partly Cloudy,rain,15.00555556,Partly cloudy starting in the morning.
London,20060425,2006-04-25 09:00:00.000 +0200,Partly Cloudy,rain,17.33888889,Partly cloudy starting in the morning.
London,20060425,2006-04-25 10:00:00.000 +0200,Partly Cloudy,rain,19.1,Partly cloudy starting in the morning.
London,20060425,2006-04-25 11:00:00.000 +0200,Partly Cloudy,rain,21.26111111,Partly cloudy starting in the morning.
London,20060425,2006-04-25 12:00:00.000 +0200,Partly Cloudy,rain,22.41111111,Partly cloudy starting in the morning.
London,20060425,2006-04-25 13:00:00.000 +0200,Mostly Cloudy,rain,22.93888889,Partly cloudy starting in the morning.
London,20060425,2006-04-25 14:00:00.000 +0200,Mostly Cloudy,rain,23.92777778,Partly cloudy starting in the morning.
London,20060425,2006-04-25 15:00:00.000 +0200,Mostly Cloudy,rain,23.96111111,Partly cloudy starting in the morning.
London,20060425,2006-04-25 16:00:00.000 +0200,Mostly Cloudy,rain,23.96111111,Partly cloudy starting in the morning.
London,20060425,2006-04-25 17:00:00.000 +0200,Mostly Cloudy,rain,23.11111111,Partly cloudy starting in the morning.
London,20060425,2006-04-25 18:00:00.000 +0200,Mostly Cloudy,rain,22.82222222,Partly cloudy starting in the morning.
London,20060425,2006-04-25 19:00:00.000 +0200,Mostly Cloudy,rain,21.11111111,Partly cloudy starting in the morning.
London,20060425,2006-04-25 20:00:00.000 +0200,Mostly Cloudy,rain,18.18888889,Partly cloudy starting in the morning.
London,20060425,2006-04-25 21:00:00.000 +0200,Mostly Cloudy,rain,16.01666667,Partly cloudy starting in the morning.
London,20060425,2006-04-25 22:00:00.000 +0200,Partly Cloudy,rain,15.46666667,Partly cloudy starting in the morning.
London,20060425,2006-04-25 23:00:00.000 +0200,Partly Cloudy,rain,14.60555556,Partly cloudy starting in the morning.
London,20060426,2006-04-26 00:00:00.000 +0200,Clear,rain,13.31111111,Mostly cloudy starting overnight continuing until night.
London,20060426,2006-04-26 01:00:00.000 +0200,Clear,rain,12.73333333,Mostly cloudy starting overnight continuing until night.
London,20060426,2006-04-26 02:00:00.000 +0200,Partly Cloudy,rain,13.78888889,Mostly cloudy starting overnight continuing until night.
London,20060426,2006-04-26 03:00:00.000 +0200,Partly Cloudy,rain,10.57777778,Mostly cloudy starting overnight continuing until night.
London,20060426,2006-04-26 04:00:00.000 +0200,Partly Cloudy,rain,10.48333333,Mostly cloudy starting overnight continuing until night.
London,20060426,2006-04-26 05:00:00.000 +0200,Partly Cloudy,rain,10.28888889,Mostly cloudy starting overnight continuing until night.
London,20060426,2006-04-26 06:00:00.000 +0200,Clear,rain,9.972222222,Mostly cloudy starting overnight continuing until night.
London,20060426,2006-04-26 07:00:00.000 +0200,Mostly Cloudy,rain,13.63888889,Mostly cloudy starting overnight continuing until night.
London,20060426,2006-04-26 08:00:00.000 +0200,Mostly Cloudy,rain,16.73888889,Mostly cloudy starting overnight continuing until night.
London,20060426,2006-04-26 09:00:00.000 +0200,Mostly Cloudy,rain,18.83888889,Mostly cloudy starting overnight continuing until night.
London,20060426,2006-04-26 10:00:00.000 +0200,Mostly Cloudy,rain,21.16111111,Mostly cloudy starting overnight continuing until night.
London,20060426,2006-04-26 11:00:00.000 +0200,Mostly Cloudy,rain,22.58888889,Mostly cloudy starting overnight continuing until night.
London,20060426,2006-04-26 12:00:00.000 +0200,Mostly Cloudy,rain,22.89444444,Mostly cloudy starting overnight continuing until night.
London,20060426,2006-04-26 13:00:00.000 +0200,Mostly Cloudy,rain,24.00555556,Mostly cloudy starting overnight continuing until night.
London,20060426,2006-04-26 14:00:00.000 +0200,Mostly Cloudy,rain,24.00555556,Mostly cloudy starting overnight continuing until night.
London,20060426,2006-04-26 15:00:00.000 +0200,Mostly Cloudy,rain,23.97777778,Mostly cloudy starting overnight continuing until night.
London,20060426,2006-04-26 16:00:00.000 +0200,Mostly Cloudy,rain,25.04444444,Mostly cloudy starting overnight continuing until night.
London,20060426,2006-04-26 17:00:00.000 +0200,Mostly Cloudy,rain,24.07777778,Mostly cloudy starting overnight continuing until night.
London,20060426,2006-04-26 18:00:00.000 +0200,Mostly Cloudy,rain,22.38333333,Mostly cloudy starting overnight continuing until night.
London,20060426,2006-04-26 19:00:00.000 +0200,Mostly Cloudy,rain,21.20555556,Mostly cloudy starting overnight continuing until night.
London,20060426,2006-04-26 20:00:00.000 +0200,Mostly Cloudy,rain,18.26111111,Mostly cloudy starting overnight continuing until night.
London,20060426,2006-04-26 21:00:00.000 +0200,Mostly Cloudy,rain,17.2,Mostly cloudy starting overnight continuing until night.
London,20060426,2006-04-26 22:00:00.000 +0200,Partly Cloudy,rain,15.99444444,Mostly cloudy starting overnight continuing until night.
London,20060426,2006-04-26 23:00:00.000 +0200,Clear,rain,15.96111111,Mostly cloudy starting overnight continuing until night.
London,20060427,2006-04-27 00:00:00.000 +0200,Mostly Cloudy,rain,15.44444444,Mostly cloudy throughout the day.
London,20060427,2006-04-27 01:00:00.000 +0200,Partly Cloudy,rain,14.37222222,Mostly cloudy throughout the day.
London,20060427,2006-04-27 02:00:00.000 +0200,Mostly Cloudy,rain,13.60555556,Mostly cloudy throughout the day.
London,20060427,2006-04-27 03:00:00.000 +0200,Partly Cloudy,rain,12.82222222,Mostly cloudy throughout the day.
London,20060427,2006-04-27 04:00:00.000 +0200,Partly Cloudy,rain,12.75,Mostly cloudy throughout the day.
London,20060427,2006-04-27 05:00:00.000 +0200,Partly Cloudy,rain,11.41666667,Mostly cloudy throughout the day.
London,20060427,2006-04-27 06:00:00.000 +0200,Partly Cloudy,rain,12.33333333,Mostly cloudy throughout the day.
London,20060427,2006-04-27 07:00:00.000 +0200,Mostly Cloudy,rain,14.90555556,Mostly cloudy throughout the day.
London,20060427,2006-04-27 08:00:00.000 +0200,Mostly Cloudy,rain,15.89444444,Mostly cloudy throughout the day.
London,20060427,2006-04-27 09:00:00.000 +0200,Mostly Cloudy,rain,17.22777778,Mostly cloudy throughout the day.
London,20060427,2006-04-27 10:00:00.000 +0200,Mostly Cloudy,rain,17.82777778,Mostly cloudy throughout the day.
London,20060427,2006-04-27 11:00:00.000 +0200,Mostly Cloudy,rain,17.91666667,Mostly cloudy throughout the day.
London,20060427,2006-04-27 12:00:00.000 +0200,Mostly Cloudy,rain,19.05555556,Mostly cloudy throughout the day.
London,20060427,2006-04-27 13:00:00.000 +0200,Mostly Cloudy,rain,20.14444444,Mostly cloudy throughout the day.
London,20060427,2006-04-27 14:00:00.000 +0200,Mostly Cloudy,rain,20.26111111,Mostly cloudy throughout the day.
London,20060427,2006-04-27 15:00:00.000 +0200,Mostly Cloudy,rain,21.20555556,Mostly cloudy throughout the day.
London,20060427,2006-04-27 16:00:00.000 +0200,Overcast,rain,21.25555556,Mostly cloudy throughout the day.
London,20060427,2006-04-27 17:00:00.000 +0200,Overcast,rain,20.23333333,Mostly cloudy throughout the day.
London,20060427,2006-04-27 18:00:00.000 +0200,Overcast,rain,19.07777778,Mostly cloudy throughout the day.
London,20060427,2006-04-27 19:00:00.000 +0200,Mostly Cloudy,rain,17.94444444,Mostly cloudy throughout the day.
London,20060427,2006-04-27 20:00:00.000 +0200,Mostly Cloudy,rain,15.49444444,Mostly cloudy throughout the day.
London,20060427,2006-04-27 21:00:00.000 +0200,Mostly Cloudy,rain,14.14444444,Mostly cloudy throughout the day.
London,20060427,2006-04-27 22:00:00.000 +0200,Mostly Cloudy,rain,14.53888889,Mostly cloudy throughout the day.
London,20060427,2006-04-27 23:00:00.000 +0200,Mostly Cloudy,rain,14.13888889,Mostly cloudy throughout the day.
London,20060428,2006-04-28 00:00:00.000 +0200,Mostly Cloudy,rain,13.4,Mostly cloudy throughout the day.
London,20060428,2006-04-28 01:00:00.000 +0200,Mostly Cloudy,rain,13.42777778,Mostly cloudy throughout the day.
London,20060428,2006-04-28 02:00:00.000 +0200,Partly Cloudy,rain,11.58888889,Mostly cloudy throughout the day.
London,20060428,2006-04-28 03:00:00.000 +0200,Mostly Cloudy,rain,14.42222222,Mostly cloudy throughout the day.
London,20060428,2006-04-28 04:00:00.000 +0200,Mostly Cloudy,rain,13.91666667,Mostly cloudy throughout the day.
London,20060428,2006-04-28 05:00:00.000 +0200,Mostly Cloudy,rain,13.4,Mostly cloudy throughout the day.
London,20060428,2006-04-28 06:00:00.000 +0200,Overcast,rain,13.86666667,Mostly cloudy throughout the day.
London,20060428,2006-04-28 07:00:00.000 +0200,Mostly Cloudy,rain,14.90555556,Mostly cloudy throughout the day.
London,20060428,2006-04-28 08:00:00.000 +0200,Mostly Cloudy,rain,15.93333333,Mostly cloudy throughout the day.
London,20060428,2006-04-28 09:00:00.000 +0200,Mostly Cloudy,rain,17.12777778,Mostly cloudy throughout the day.
London,20060428,2006-04-28 10:00:00.000 +0200,Mostly Cloudy,rain,18.75,Mostly cloudy throughout the day.
London,20060428,2006-04-28 11:00:00.000 +0200,Mostly Cloudy,rain,18.96111111,Mostly cloudy throughout the day.
London,20060428,2006-04-28 12:00:00.000 +0200,Mostly Cloudy,rain,19.99444444,Mostly cloudy throughout the day.
London,20060428,2006-04-28 13:00:00.000 +0200,Mostly Cloudy,rain,21.11111111,Mostly cloudy throughout the day.
London,20060428,2006-04-28 14:00:00.000 +0200,Mostly Cloudy,rain,21.09444444,Mostly cloudy throughout the day.
London,20060428,2006-04-28 15:00:00.000 +0200,Partly Cloudy,rain,21.17777778,Mostly cloudy throughout the day.
London,20060428,2006-04-28 16:00:00.000 +0200,Partly Cloudy,rain,21.22777778,Mostly cloudy throughout the day.
London,20060428,2006-04-28 17:00:00.000 +0200,Partly Cloudy,rain,20.1,Mostly cloudy throughout the day.
London,20060428,2006-04-28 18:00:00.000 +0200,Mostly Cloudy,rain,19.02777778,Mostly cloudy throughout the day.
London,20060428,2006-04-28 19:00:00.000 +0200,Mostly Cloudy,rain,17.85,Mostly cloudy throughout the day.
London,20060428,2006-04-28 20:00:00.000 +0200,Mostly Cloudy,rain,16.26111111,Mostly cloudy throughout the day.
London,20060428,2006-04-28 21:00:00.000 +0200,Partly Cloudy,rain,14.98333333,Mostly cloudy throughout the day.
London,20060428,2006-04-28 22:00:00.000 +0200,Mostly Cloudy,rain,14.46666667,Mostly cloudy throughout the day.
London,20060428,2006-04-28 23:00:00.000 +0200,Partly Cloudy,rain,13.94444444,Mostly cloudy throughout the day.
London,20060429,2006-04-29 00:00:00.000 +0200,Partly Cloudy,rain,12.31666667,Mostly cloudy until night.
London,20060429,2006-04-29 01:00:00.000 +0200,Partly Cloudy,rain,11.76111111,Mostly cloudy until night.
London,20060429,2006-04-29 02:00:00.000 +0200,Mostly Cloudy,rain,10.82777778,Mostly cloudy until night.
London,20060429,2006-04-29 03:00:00.000 +0200,Partly Cloudy,rain,10.13888889,Mostly cloudy until night.
London,20060429,2006-04-29 04:00:00.000 +0200,Partly Cloudy,rain,10.62777778,Mostly cloudy until night.
London,20060429,2006-04-29 05:00:00.000 +0200,Partly Cloudy,rain,10.60555556,Mostly cloudy until night.
London,20060429,2006-04-29 06:00:00.000 +0200,Mostly Cloudy,rain,10.07222222,Mostly cloudy until night.
London,20060429,2006-04-29 07:00:00.000 +0200,Mostly Cloudy,rain,11.16111111,Mostly cloudy until night.
London,20060429,2006-04-29 08:00:00.000 +0200,Partly Cloudy,rain,12.88888889,Mostly cloudy until night.
London,20060429,2006-04-29 09:00:00.000 +0200,Clear,rain,15.05,Mostly cloudy until night.
London,20060429,2006-04-29 10:00:00.000 +0200,Mostly Cloudy,rain,15.16111111,Mostly cloudy until night.
London,20060429,2006-04-29 11:00:00.000 +0200,Mostly Cloudy,rain,16.27222222,Mostly cloudy until night.
London,20060429,2006-04-29 12:00:00.000 +0200,Mostly Cloudy,rain,17.8,Mostly cloudy until night.
London,20060429,2006-04-29 13:00:00.000 +0200,Mostly Cloudy,rain,17.93888889,Mostly cloudy until night.
London,20060429,2006-04-29 14:00:00.000 +0200,Mostly Cloudy,rain,18.85555556,Mostly cloudy until night.
London,20060429,2006-04-29 15:00:00.000 +0200,Mostly Cloudy,rain,17.98888889,Mostly cloudy until night.
London,20060429,2006-04-29 16:00:00.000 +0200,Mostly Cloudy,rain,17.96111111,Mostly cloudy until night.
London,20060429,2006-04-29 17:00:00.000 +0200,Mostly Cloudy,rain,17.36111111,Mostly cloudy until night.
London,20060429,2006-04-29 18:00:00.000 +0200,Mostly Cloudy,rain,16.25,Mostly cloudy until night.
London,20060429,2006-04-29 19:00:00.000 +0200,Mostly Cloudy,rain,14.12222222,Mostly cloudy until night.
London,20060429,2006-04-29 20:00:00.000 +0200,Mostly Cloudy,rain,12.95,Mostly cloudy until night.
London,20060429,2006-04-29 21:00:00.000 +0200,Mostly Cloudy,rain,12.24444444,Mostly cloudy until night.
London,20060429,2006-04-29 22:00:00.000 +0200,Mostly Cloudy,rain,11.68888889,Mostly cloudy until night.
London,20060429,2006-04-29 23:00:00.000 +0200,Mostly Cloudy,rain,11.15555556,Mostly cloudy until night.
London,20060403,2006-04-03 00:00:00.000 +0200,Partly Cloudy,rain,9.216666667,Partly cloudy until night.
London,20060403,2006-04-03 01:00:00.000 +0200,Partly Cloudy,rain,8.683333333,Partly cloudy until night.
London,20060403,2006-04-03 02:00:00.000 +0200,Mostly Cloudy,rain,9.188888889,Partly cloudy until night.
London,20060403,2006-04-03 03:00:00.000 +0200,Partly Cloudy,rain,8.594444444,Partly cloudy until night.
London,20060403,2006-04-03 04:00:00.000 +0200,Partly Cloudy,rain,7.505555556,Partly cloudy until night.
London,20060403,2006-04-03 05:00:00.000 +0200,Partly Cloudy,rain,6.216666667,Partly cloudy until night.
London,20060403,2006-04-03 06:00:00.000 +0200,Foggy,rain,5.855555556,Partly cloudy until night.
London,20060403,2006-04-03 07:00:00.000 +0200,Clear,rain,5.933333333,Partly cloudy until night.
London,20060403,2006-04-03 08:00:00.000 +0200,Clear,rain,10.40555556,Partly cloudy until night.
London,20060403,2006-04-03 09:00:00.000 +0200,Partly Cloudy,rain,12.54444444,Partly cloudy until night.
London,20060403,2006-04-03 10:00:00.000 +0200,Partly Cloudy,rain,13.86111111,Partly cloudy until night.
London,20060403,2006-04-03 11:00:00.000 +0200,Partly Cloudy,rain,15.97777778,Partly cloudy until night.
London,20060403,2006-04-03 12:00:00.000 +0200,Partly Cloudy,rain,17.26666667,Partly cloudy until night.
London,20060403,2006-04-03 13:00:00.000 +0200,Partly Cloudy,rain,17.84444444,Partly cloudy until night.
London,20060403,2006-04-03 14:00:00.000 +0200,Partly Cloudy,rain,16.42777778,Partly cloudy until night.
London,20060403,2006-04-03 15:00:00.000 +0200,Partly Cloudy,rain,17.77777778,Partly cloudy until night.
